<?xml version="1.0" encoding="utf-8"?>
<strings>
  <string key="PackageManager.CompositeVersionMisMatch" value="Версия пакета C1 не соответствует текущей версии С1" />
  <string key="PackageManager.PackageAlreadyInstalled" value="Пакет уже установлен" />
  <string key="PackageManager.NewerVersionInstalled" value="Пакет с более новой версией  уже установлен" />	
  <string key="PackageManager.MissingPackageDirectory" value="Невозможно найти путь каталогу пакета '{0}'" />
  <string key="PackageManager.Uninstallable" value="Пакет отмечен как неудаляемый из системы" />
  <string key="PackageManager.MissingZipFile" value="Не удалось найти путь к Zip-файлу пакета '{0}'" />
  <string key="PackageManager.MissingUninstallFile" value="Не удалось найти путь к файлу удаления пакета &quot;{0} '" />
  <string key="PackageManager.MissingElement" value="Отсутствует элемент '{0}'." />
  <string key="PackageManager.MissingAttribute" value="Отсутствует атрибут '{0}'." />
  <string key="PackageManager.InvalidAttributeValue" value="Значение атрибута '{0}' недопустимо." />
  <string key="PackageManager.InvalidElementValue" value="Значение элемента '{0}' недопустимо." />
  <string key="ConfigurationTransformationPackageFragmentInstaller.ExpectedExactlyTwoElements" value="Ожидались ровно два элемента, '{0} &quot;и&quot; {1}'" />
  <string key="ConfigurationTransformationPackageFragmentInstaller.MissingElement" value="Отсутствует элемент '{0}'." />
  <string key="ConfigurationTransformationPackageFragmentInstaller.MissingAttribute" value="Отсутствует атрибут '{0}'." />
  <string key="ConfigurationTransformationPackageFragmentInstaller.PathDoesNotExist" value="Путь '{0} &quot;не существует в Zip-файле." />
  <string key="ConfigurationTransformationPackageFragmentInstaller.UnableToParsXslt" value="Не удалось распарсить XSLT в Zip-файле '{0}'. {1}" />
  <string key="ConfigurationTransformationPackageFragmentInstaller.XsltWillGeneratedInvalid" value="XSLT файл '{0}' сгенерирует файл конфигурации в недопустимом формате. {1}" />
  <string key="DataPackageFragmentInstaller.OnlyOneElement" value="Допускается только один элемент &quot;Types&quot;" />
  <string key="DataPackageFragmentInstaller.MissingElement" value="Отсутствует элемент &quot;Types&quot;" />
  <string key="DataPackageFragmentInstaller.MissingAttribute" value="Отсутствует атрибут {0} в конфигурации" />
  <string key="DataPackageFragmentInstaller.WrongDataScopeIdentifier" value="Неправильное имя DataScopeIdentifier ({0}) в конфигурации" />
  <string key="DataPackageFragmentInstaller.WrongLocale" value="Неправильно имя культуры ({0}) в конфигурации" />
  <string key="DataPackageFragmentInstaller.MissingFile" value="Отсутствует файл '{0}' в Zip-файле пакета" />
  <string key="DataPackageFragmentInstaller.TypeNotConfigured" value="Тип интерфейса данных '{0}' не был настроен в системе" />
  <string key="DataPackageFragmentInstaller.TypeNotInheriting" value="Тип интерфейса данных '{0}' не наследует интерфейс '{1} '" />
  <string key="DataPackageFragmentInstaller.MissingProperty" value="Тип интерфейса данных '{0}' не имеет свойство с именем '{1}'" />
  <string key="DataPackageFragmentInstaller.MissingWritableProperty" value="У типа интерфейса данных '{0}' нет изменяемого свойства с именем '{1}'" />
  <string key="DataPackageFragmentInstaller.ConversionFailed" value="Не удалось преобразовать значение '{0}' в тип '{1}'" />
  <string key="DataPackageFragmentInstaller.MissingPropertyVaule" value="У свойства '{0}' интерфейса '{1}'отсутствует значение." />
  <string key="DataPackageFragmentInstaller.DataExists" value="Тип данных '{0}': запись (-и) {1} уже установлены" />
  <string key="DataPackageFragmentInstaller.MissingTypeDescriptor" value="Отсутствует дескриптор типа данных для типа {0}" />
  <string key="DataPackageFragmentInstaller.TypeNonLocalizedWithLocale" value="Тип данных &quot;{0}&quot; не локализован, но локаль указана в конфигурации" />
  <string key="DataPackageFragmentInstaller.TypeLocalizedWithoutLocale" value="Тип данных &quot;{0}&quot; локализован, но локали не указаны в конфигурации" />
  <string key="DataPackageFragmentInstaller.ReferencedDataMissing" value="Отсутствуют данные, на которые ссылаются. Тип: {0}, {1}: '{2}'" />
  <string key="DataPackageFragmentUninstaller.OnlyOneElement" value="Допускается только один элемент &quot;Types&quot;" />
  <string key="DataPackageFragmentUninstaller.MissingAttribute" value="Отсутствует атрибут {0} в конфигурации" />
  <string key="DataPackageFragmentUninstaller.MissingKeyProperty" value="Тип данных '{0}'не содержит ключевое свойство с именем '{1}'" />
  <string key="DataPackageFragmentUninstaller.DataIsReferenced" value="На элемент данных '{0}' типа '{1}' ссылается элемент данных '{2}' типа '{3}'" />
  <string key="DataPackageFragmentUninstaller.PageTypeIsReferenced" value="На тип страницы '{0}' ссылается страница '{1}'" />
  <string key="DataTypePackageFragmentInstaller.OnlyOneElement" value="Допускается только один элемент &quot;Types&quot;" />
  <string key="DataTypePackageFragmentInstaller.MissingElement" value="Отсутствует элемент &quot;Types&quot;" />
  <string key="DataTypePackageFragmentInstaller.MissingAttribute" value="Отсутствует атрибут {0} в конфигурации" />
  <string key="DataTypePackageFragmentInstaller.TypeNotConfigured" value="Тип интерфейса данных '{0}' не был настроен в системе" />
  <string key="DataTypePackageFragmentInstaller.TypeNotInheriting" value="Тип интерфейса данных '{0}' не наследует интерфейс '{1}'" />
  <string key="DataTypePackageFragmentInstaller.TypeExists" value="Интерфейс типа &quot;{0}&quot; уже существует в системе" />
  <string key="DataTypePackageFragmentInstaller.InterfaceCodeError" value="Не удалось создать дескриптор типа данных для интерфейса '{0}'" />
  <string key="DataTypePackageFragmentUninstaller.OnlyOneElement" value="Допускается только один элемент &quot;Types&quot;" />
  <string key="DataTypePackageFragmentUninstaller.MissingAttribute" value="Отсутствует атрибут {0} в конфигурации" />
  <string key="DataTypePackageFragmentUninstaller.WrongAttributeFormat" value="Неправильный формат атрибутов в конфигурации" />
  <string key="DynamicDataTypePackageFragmentInstaller.OnlyOneElement" value="Допускается только один элемент &quot;Types&quot;" />
  <string key="DynamicDataTypePackageFragmentInstaller.MissingElement" value="Отсутствует элемент &quot;Types&quot;" />
  <string key="DynamicDataTypePackageFragmentInstaller.DataTypeDescriptorParseError" value="Ошибка XML при парсинге атрибут данных TypeDescriptor" />
  <string key="DynamicDataTypePackageFragmentInstaller.DataTypeDescriptorDeserializeError" value="Ошибка при десериализации типа данных. Текст ошибки: {0}." />
  <string key="DynamicDataTypePackageFragmentInstaller.MissingReferencedType" value="Не могу найти зависимый тип '{0} '." />
  <string key="DynamicDataTypePackageFragmentInstaller.TypeExists" value="Тип интерфейса &quot;{0}&quot; уже существует в системе" />
  <string key="DynamicDataTypePackageFragmentUninstaller.OnlyOneElement" value="Допускается только один элемент &quot;Types&quot;" />
  <string key="DynamicDataTypePackageFragmentUninstaller.MissingAttribute" value="Отсутствует атрибут {0} в конфигурации" />
  <string key="DynamicDataTypePackageFragmentUninstaller.WrongAttributeFormat" value="Неправильный формат атрибутов в конфигурации" />
  <string key="FilePackageFragmentInstaller.OnlyOneFilesElement" value="Допускается только один элемент &quot;Files&quot;" />
  <string key="FilePackageFragmentInstaller.OnlyOneDirectoriesElement" value="Допускается только один элемент &quot;Directories&quot;" />
  <string key="FilePackageFragmentInstaller.MissingAttribute" value="Отсутствует атрибут {0} в конфигурации" />
  <string key="FilePackageFragmentInstaller.DeleteTargetDirectoryNotAllowed" value="Атрибут 'deleteTargetDirectory' может быть применен только к каталогам, а не файлам" />
  <string key="FilePackageFragmentInstaller.WrongAttributeBoolFormat" value="Неправильный формат значения атрибута, ожидается значение bool" />
  <string key="FilePackageFragmentInstaller.MissingFile" value="Инсталляционный ZIP-файл не содержит файл '{0}'" />
  <string key="FilePackageFragmentInstaller.FileExists" value="Файл '{0}' уже существует" />
  <string key="FilePackageFragmentInstaller.FileReadOnly" value="Файл '{0}' помечен &quot;только для чтения &quot; и поэтому не может быть перезаписан." />
  <string key="FilePackageFragmentInstaller.AssemblyLoadNotAllowed" value="Атрибут &quot;assemblyLoad 'может быть применен только к файлам, а не каталогам" />
  <string key="FilePackageFragmentInstaller.OnlyUpdateNotAllowed" value="Атрибут &quot;onlyUpdate 'может быть применен только к файлам, а не каталогам" />
  <string key="FilePackageFragmentInstaller.OnlyUpdateNotAllowedWithLoadAssemlby" value="Атрибут &quot;onlyUpdate&quot; недопустим в сочетании с атрибутом &quot;loadAssembly&quot;" />
  <string key="FilePackageFragmentInstaller.OnlyUpdateAndOnlyAddNotAllowed" value="Атрибуты 'onlyUpdate' (только обновлять) и 'onlyAdd' (только добавлять) теперь разрешены на одном и том же элементе" />
  <string key="FilePackageFragmentInstaller.OnlyAddAndAllowOverwriteNotAllowed" value="Атрибуты 'onlyAdd' (только добавлять) и 'allowOverwrite' (разрешить перезапись) теперь разрешены на одном и том же элементе" />
  <string key="FilePackageFragmentInstaller.MissingDirectory" value="Инсталляционный ZIP-файл не содержит каталог '{0}'" />
  <string key="FilePackageFragmentInstaller.WrongBasePath" value="Uninstall.xml содержит пути к файлам, связанные к исходному местоположению сайта, таким образом пакет не может быть безопасно удален из системы." />
  <string key="FilePackageFragmentUninstaller.OnlyOneFilesElement" value="Допускается только один элемент &quot;Files&quot;" />
  <string key="VirtualElementProviderNodePackageFragmentInstaller.OnlyOneElement" value="Допускается только один элемент &quot;Areas&quot;" />
  <string key="VirtualElementProviderNodePackageFragmentInstaller.MissingType" value="Не удалось найти тип '{0}'" />
  <string key="VirtualElementProviderNodePackageFragmentInstaller.MissingIcon" value="Не удалось найти значок '{0}'" />
  <string key="VirtualElementProviderNodePackageFragmentUninstaller.OnlyOneElement" value="Допускается только один элемент &quot;Areas&quot;" />
  <string key="VirtualElementProviderNodePackageFragmentUninstaller.MissingAttribute" value="Отсутствует атрибут {0} в конфигурации" />
  <string key="FileXslTransformationPackageFragmentInstaller.FileNotFound" value="Файл '{0}' не найден" />
  <string key="FileXslTransformationPackageFragmentInstaller.FileReadOnly" value="Файл '{0}' помечен как 'Только для чтения' и поэтому не может быть перезаписан." />
  <string key="FileXslTransformationPackageFragmentInstaller.FileReadOnlyOverride" value="Файл '{0}' помечен как 'Только для чтения'. Этот атрибут файла был удален явным образом и файл нормально обновился." />

  <string key="PackageVersionBumperFragmentInstaller.OnlyOneElement" value="Только один элемент 'PackageVersions' (версии пакета) разрешен" />
  <string key="PackageVersionBumperFragmentInstaller.MissingAttribute" value="Отсутствует атрибут {0} в конфигурации" />
  <string key="PackageVersionBumperFragmentInstaller.WrongAttributeGuidFormat" value="Неправильный формат значения атрибута, ожидается значение Guid" />
  <string key="PackageVersionBumperFragmentInstaller.PackageIdDuplicate" value="Дублирующийся идентификатор пакета: '{0}'" />
  <string key="PackageVersionBumperFragmentInstaller.WrongAttributeVersionFormat" value="Неправильный формат значения атрибута, ожидается значение версии (x.y.z)" />
  <string key="PackageVersionBumperFragmentUninstaller.OnlyOneElement" value="Только один элемент 'PackageVersions' (версии пакета) разрешен" />
  <string key="PackageVersionBumperFragmentUninstaller.MissingAttribute" value="Отсутствует атрибут {0} в конфигурации" />
  <string key="PackageVersionBumperFragmentUninstaller.WrongAttributeGuidFormat" value="Неправильный формат значения атрибута, ожидается значение Guid" />
  <string key="PackageVersionBumperFragmentUninstaller.PackageIdDuplicate" value="Дублирующийся идентификатор пакета: '{0}'" />
  <string key="PackageVersionBumperFragmentUninstaller.WrongAttributeVersionFormat" value="Неправильный формат значения атрибута, ожидается значение версии (x.y.z)" />
  <string key="PackageLicenseFragmentInstaller.MissingPublicKeyElement" value="Публичный ключ RSA отсутствует в конфигурации пакета" />

  <string key="FileModifyPackageFragmentInstaller.FileDoesNotExist" value="Файл '{0}' не существует." />

  <string key="License.InvalidKeyTitle" value="Недействительный лицензионный ключ" />
  <string key="License.InvalidKeyMessage" value="Лицензионный ключ недействителен. Вам нужен действительный лицензионный ключ." />
  <string key="License.ExpiredTitle" value="Срок действия пробного периода истек." />
  <string key="License.ExpiredMessage" value="Срок действия пробного периода для этого пакета истек. Вам нужен действительный лицензионный ключ." />
  <string key="License.Failed" value="Не удалось получить лицензионную информацию. Идентификатор продукта: {0}" />

  <string key="NotEnoughNtfsPermissions" value="Учетная запись пользователя Windows, под которой данный экземпляр С1 работает, не имеет права на запись в файл или папку '{0}'." />

  <string key="PackageFragmentInstaller.OnlyOneElementAllowed" value="Только один элемент '{0}' разрешен" />
  <string key="PackageFragmentInstaller.IncorrectElement" value="Неожиданное имя элемента '{0}', разрешено только имя элемента '{1}'" />
  <string key="PackageFragmentInstaller.MissingAttribute" value="Отсутствует атрибут '{0}'." />
  <string key="PackageFragmentInstaller.MissingElement" value="Отсутствует элемент '{0}'." />
</strings>