<?xml version="1.0" encoding="utf-8" ?>
<strings>
	<string key="SendToDraft" value="В черновики" />
	<string key="SendToDraftToolTip" value="" />
	<string key="Publish" value="Опубликовать" />
	<string key="PublishToolTip" value="Опубликовать на сайте" />
	<string key="Unpublish" value="Отменить публикацию" />
	<string key="UnpublishToolTip" value="Перевести в режим черновика и удалить опубликованную версию" />
	<string key="SendForApproval" value="Отправить на утверждение" />
	<string key="SendForApprovalToolTip" value="Отправить на утверждение" />
	<string key="SendForPublication" value="Отправить на публикацию" />
	<string key="SendForPublicationToolTip" value="Отправить на публикацию" />
	<string key="UndoPublishedChanges" value="Отменить изменения" />
	<string key="UndoPublishedChangesToolTip" value="Отменить неопубликованные изменения" />
	<string key="ValidationErrorTitle" value="Действие невозможно" />
	<string key="ValidationErrorMessage" value="Данные не прошли проверку с такими ошибками:" />	
</strings>