<?xml version="1.0" encoding="utf-8"?>
<strings>
  <string key="af-ZA" value="Африкаанс, Южная Африка" />
  <string key="sq-AL" value="Албанский, Албания" />
  <string key="ar-DZ" value="Арабский, Алжир" />
  <string key="ar-BH" value="Арабский, Бахрейн" />
  <string key="ar-EG" value="Арабский, Египет" />
  <string key="ar-IQ" value="Арабский, Ирак" />
  <string key="ar-JO" value="Арабский, Иордания" />
  <string key="ar-KW" value="Арабский, Кувейт" />
  <string key="ar-LB" value="Арабский, Ливан" />

  <string key="ar-LY" value="Арабский, Ливия" />
  <string key="ar-MA" value="Арабский, Марокко" />
  <string key="ar-OM" value="Арабский, Оман" />
  <string key="ar-QA" value="Арабский, Катар" />
  <string key="ar-SA" value="Арабский, Саудовская Аравия" />
  <string key="ar-SY" value="Арабский, Сирия" />
  <string key="ar-TN" value="Арабский, Тунис" />
  <string key="ar-AE" value="Арабский, ОАЭ" />
  <string key="ar-YE" value="Арабский, Йемен" />

  <string key="hy-AM" value="Армянский, Армения" />
  <string key="az-Cyrl-AZ" value="Азербайджанский, Азербайджанский (кир.)" />
  <string key="az-Latn-AZ" value="Азербайджанский, Азербайджанский (лат.)" />
  <string key="eu-ES" value="Баскский, Баскский" />
  <string key="be-BY" value="Беларуский, Беларусь" />
  <string key="bs-Latn-BA" value="Боснийский, Босния и Герцеговина" />
  <string key="bs-Cyrl-BA" value="Боснийский (кир.) (Босния и Герцеговина)" />
  <string key="bg-BG" value="Болгарский, Болгария" />
  <string key="ca-ES" value="Каталанский, Каталанский" />

  <string key="zh-HK" value="Китайский, Гонконг ОАР" />
  <string key="zh-MO" value="Китайский, Макао ОАР" />
  <string key="zh-CN" value="Китайский, Китайская Народная Республика" />
  <string key="zh-SG" value="Китайский, Сингапур" />
  <string key="zh-TW" value="Китайский, Тайвань" />
  <string key="hr-BA" value="Хорватский, Босния и Герцеговина" />
  <string key="hr-HR" value="Хорватский, Хорватия" />
  <string key="cs-CZ" value="Чешский, Чешская Республика" />
  <string key="da-DK" value="Датский" />

  <string key="dv-MV" value="Дивехи, Мальдивы" />
  <string key="nl-BE" value="Голландский, Бельгия" />
  <string key="nl-NL" value="Голландский" />
  <string key="en-AU" value="Английский, Австралия" />
  <string key="en-BZ" value="Английский, Белиз" />
  <string key="en-CA" value="Английский, Канада" />
  <string key="en-029" value="Английский, Карибский бассейн" />
  <string key="en-IE" value="Английский, Ирландия" />
  <string key="en-JM" value="Английский, Ямайка" />

  <string key="en-NZ" value="Английский, Новая Зеландия" />
  <string key="en-PH" value="Английский, Республика Филиппины" />
  <string key="en-ZA" value="Английский, Южная Африка" />
  <string key="en-TT" value="Английский, Тринидад и Тобаго" />
  <string key="en-GB" value="Английский, Великобритания" />
  <string key="en-US" value="Английский, США" />
  <string key="en-ZW" value="Английский, Зимбабве" />
  <string key="et-EE" value="Эстонский, Эстония" />
  <string key="fo-FO" value="Фарерский, Фарерские о-ва" />

  <string key="fil-PH" value="Филиппинский, Филиппины" />
  <string key="fi-FI" value="Финский" />
  <string key="fr-BE" value="Французский, Бельгия" />
  <string key="fr-CA" value="Французский, Канада" />
  <string key="fr-FR" value="Французский" />
  <string key="fr-LU" value="Французский, Люксембург" />
  <string key="fr-MC" value="Французский, Княжество Монако" />
  <string key="fr-CH" value="Французский, Швейцария" />
  <string key="fy-NL" value="Фризский, Нидерланды" />

  <string key="gd-GB" value="Гэльский, Великобритания" />
  <string key="gl-ES" value="Галисийский" />
  <string key="ka-GE" value="Грузинский, Грузия" />
  <string key="de-AT" value="Немецкий, Австрия" />
  <string key="de-DE" value="Немецкий" />
  <string key="de-LI" value="Немецкий, Лихтенштейн" />
  <string key="de-LU" value="Немецкий, Люксембург" />
  <string key="de-CH" value="Германский, Швейцарии" />
  <string key="el-GR" value="Греческий, Греция" />
  <string key="kl-GL" value="Гренландский" />

  <string key="gu-IN" value="Гуджарати, Индия" />
  <string key="he-IL" value="Иврит, Израиль" />
  <string key="hi-IN" value="Хинди, Индия" />
  <string key="hu-HU" value="Венгерский, Венгрия" />
  <string key="is-IS" value="Исландский, Исландия" />
  <string key="id-ID" value="Индонезийский, Индонезия" />
  <string key="iu-Latn-CA" value="Инуктитут (лат.) (Канада)" />
  <string key="ga-IE" value="Ирландский, Ирландия" />
  <string key="it-IT" value="Итальянский" />

  <string key="it-CH" value="Итальянский, Швейцария" />
  <string key="ja-JP" value="Японский, Япония" />
  <string key="kn-IN" value="Каннада, Индия" />
  <string key="kk-KZ" value="Казахский, Казахстан" />
  <string key="sw-KE" value="Суахили, Кения" />
  <string key="kok-IN" value="Конкани, Индия" />
  <string key="ko-KR" value="Корейский, Корея" />
  <string key="ky-KG" value="Кыргызский, Кыргызстан" />
  <string key="lv-LV" value="Латышский, Латвия" />

  <string key="lt-LT" value="Литовский, Литва" />
  <string key="lb-LU" value="Люксембургский, Люксембург" />
  <string key="mk-MK" value="Македонский, бывшая Югославская Республика Македония" />
  <string key="ms-BN" value="Малайский, Бруней-Даруссалам" />
  <string key="ms-MY" value="Малайский, Малайзия" />
  <string key="mt-MT" value="Мальтийский, Мальта" />
  <string key="mi-NZ" value="Маори, Новая Зеландия" />
  <string key="arn-CL" value="Мапуче, Чили" />
  <string key="mr-IN" value="Маратхи, Индия" />

  <string key="moh-CA" value="Мохок, Канада" />
  <string key="mn-MN" value="Монгольский, Монгольский (кир.)" />
  <string key="nb-NO" value="Норвежский (букмол)" />
  <string key="nn-NO" value="Норвежская (нюнорск), Норвегия" />
  <string key="fa-IR" value="Персидский, Иран" />
  <string key="pl-PL" value="Польский, Польша" />
  <string key="pt-BR" value="Португальский, Бразилия" />
  <string key="pt-PT" value="Португальский, Португалия" />
  <string key="pa-IN" value="Пенджаби, Индия" />

  <string key="quz-BO" value="Кечуа, Боливия" />
  <string key="quz-EC" value="Кечуа, Эквадор" />
  <string key="quz-PE" value="Кечуа, Перу" />
  <string key="ro-RO" value="Румынский, Румыния" />
  <string key="rm-CH" value="Ретороманский, Швейцария" />
  <string key="ru-RU" value="Русский, Россия" />
  <string key="smn-FI" value="Сами (Инари) (Финляндия)" />
  <string key="smj-NO" value="Сами (Луле) (Норвегия)" />
  <string key="smj-SE" value="Сами (Луле) (Швеция)" />

  <string key="se-FI" value="Сами (Северный) (Финляндия)" />
  <string key="se-NO" value="Сами (Северный) (Норвегия)" />
  <string key="se-SE" value="Сами" />
  <string key="sms-FI" value="Сами (Скольт) (Финляндия)" />
  <string key="sma-NO" value="Сами (Южный) (Норвегия)" />
  <string key="sma-SE" value="Сами (Южный) (Швеция)" />
  <string key="sa-IN" value="Санскрит, Индия" />

  <string key="sr-Cyrl-BA" value="Сербский (кир.) (Босния и Герцеговина)" />
  <string key="sr-Cyrl-ME" value="Сербский, кириллица (Черногория)" />
  <string key="sr-Cyrl-CS" value="Сербский, Сербский (кир.)" />
  <string key="sr-Cyrl-RS" value="Сербский, кириллица (Сербия)" />
  <string key="sr-Latn-BA" value="Сербский (лат.) (Босния и Герцеговина)" />
  <string key="sr-Latn-ME" value="Сербский, латиница (Черногория)" />
  <string key="sr-Latn-CS" value="Сербский, Сербский (лат.)" />
  <string key="sr-Latn-RS" value="Сербский, латиница (Сербия)" />

  <string key="ns-ZA" value="Сесото са лебоа, Южная Африка" />
  <string key="tn-ZA" value="Сетсвана, Южная Африка" />
  <string key="sk-SK" value="Словацкий, Словакия" />
  <string key="sl-SI" value="Словенский, Словения" />
  <string key="es-AR" value="Испанский, Аргентина" />
  <string key="es-BO" value="Испанский, Боливия" />
  <string key="es-CL" value="Испанский, Чили" />

  <string key="es-CO" value="Испанский, Колумбия" />
  <string key="es-CR" value="Испанский, Коста-Рика" />
  <string key="es-DO" value="Испанский, Доминиканская Республика" />
  <string key="es-EC" value="Испанский, Эквадор" />
  <string key="es-SV" value="Испанский, Сальвадор" />
  <string key="es-GT" value="Испанский, Гватемала" />
  <string key="es-HN" value="Испанский, Гондурас" />
  <string key="es-MX" value="Испанский, Мексика" />
  <string key="es-NI" value="Испанский, Никарагуа" />

  <string key="es-PA" value="Испанский, Панама" />
  <string key="es-PY" value="Испанский, Парагвай" />
  <string key="es-PE" value="Испанский, Перу" />
  <string key="es-PR" value="Испанский, Пуэрто-Рико" />
  <string key="es-ES" value="Испанский" />
  <string key="es-UY" value="Испанский, Уругвай" />
  <string key="es-VE" value="Испанский, Венесуэла" />
  <string key="sv-FI" value="Шведский, Финляндия" />
  <string key="sv-SE" value="Шведский" />

  <string key="syr-SY" value="Сирийский, Сирия" />
  <string key="ta-IN" value="Тамильский, Индия" />
  <string key="tt-RU" value="Татарский, Россия" />
  <string key="te-IN" value="Телугу, Индия" />
  <string key="th-TH" value="Тайский, Таиланд" />
  <string key="tr-TR" value="Турецкий, Турция" />
  <string key="uk-UA" value="Украинский, Украина" />
  <string key="ur-PK" value="Урду, Исламская Республика Пакистан" />
  <string key="uz-Cyrl-UZ" value="Узбекский, Узбекский (кир.)" />

  <string key="uz-Latn-UZ" value="Узбекский, Узбекский (лат.)" />
  <string key="vi-VN" value="Вьетнамский, Вьетнам" />
  <string key="cy-GB" value="Валлийский, Великобритания" />
  <string key="xh-ZA" value="Коса, Южная Африка" />
  <string key="zu-ZA" value="Зулу, Южная Африка" />

  <string key="gsw-FR" value="Эльзасский, Франция" />
  <string key="am-ET" value="Амхарский, Эфиопия" />
  <string key="as-IN" value="Ассамский, Индия" />
  <string key="ba-RU" value="Башкирский, Россия" />
  <string key="bn-BD" value="Бенгальский, Бангладеш" />
  <string key="bn-IN" value="Бенгальский, Индия" />
  <string key="br-FR" value="Бретон, Франция" />
  <string key="co-FR" value="Корсиканский, Франция" />
  <string key="prs-AF" value="Дари, Афганистан" />
  <string key="en-IN" value="Английский, Индия" />
  <string key="en-MY" value="Английский, Малайзия" />
  <string key="en-SG" value="Английский, Сингапур" />
  <string key="ha-Latn-NG" value="Хауса (лат.) (Нигерия)" />
  <string key="ig-NG" value="Игбо, Нигерия" />
  <string key="iu-Cans-CA" value="Инуктитут, Канада" />
  <string key="km-KH" value="Кхмерский, Камбоджа" />
  <string key="qut-GT" value="Киче, Гватемала" />
  <string key="rw-RW" value="Киньяруанда, Руанда" />
  <string key="lo-LA" value="Лао, ЛНДР" />
  <string key="dsb-DE" value="Нижнелужицкий, Германия" />
  <string key="ml-IN" value="Малаялам, Индия" />
  <string key="mn-Mong-CN" value="Монгольский (трад. монгольский) (КНР)" />
  <string key="ne-NP" value="Непальский, Непал" />
  <string key="oc-FR" value="Окситанский, Франция" />
  <string key="or-IN" value="Ория, Индия" />
  <string key="ps-AF" value="Пушту, Афганистан" />
  <string key="nso-ZA" value="Сесото са лебоа, Южная Африка" />
  <string key="si-LK" value="Сингальский, Шри-Ланка" />
  <string key="es-US" value="Испанский, Соединенные Штаты" />
  <string key="tg-Cyrl-TJ" value="Таджикский (кир.) (Таджикистан)" />
  <string key="tzm-Latn-DZ" value="тамазигхт (лат.) (Алжир)" />
  <string key="bo-CN" value="Тибетский, КНР" />
  <string key="tk-TM" value="Туркменский, Туркменистан" />
  <string key="ug-CN" value="Уйгурский, КНР" />
  <string key="hsb-DE" value="Верхний сербский, Германия" />
  <string key="wo-SN" value="Волоф, Сенегал" />
  <string key="sah-RU" value="Якутский, Россия" />
  <string key="ii-CN" value="Ий, КНР" />
  <string key="yo-NG" value="Йоруба, Нигерия" />
  
</strings>